solver_name,solver_version,solver_path,solver_id,instance,format,task,timed_out,additional_argument,runtime,result,exit_with_error,error_code,error,cut_off,benchmark_name,benchmark_format,benchmark_ext_additional,benchmark_path,benchmark_dynamic_files,benchmark_id,benchmark_has_references,benchmark_references_path,benchmark_extension_references,benchmark_meta_data,repetition,tag
InitialSetSolver,0.1,/home/mbuhr/InitialSetSolver/build/InitialSetSolver,2,i23input_exp_acyclic_depvary_step5_batch_yyy01,i23,EE-ITSCC,False,,0.624169236049056,/home/mbuhr/probo2/src/results/ee_it_scc_part2/InitialSetSolver/EE-ITSCC/iccma23_aba2af/i23input_exp_acyclic_depvary_step5_batch_yyy01_1.out,False,,,400,iccma23_aba2af,['i23'],arg,/home/mbuhr/iccma23/aba2af,False,2,False,,,{},1,ee_it_scc_part2
InitialSetSolver,0.1,/home/mbuhr/InitialSetSolver/build/InitialSetSolver,2,i23input_exp_acyclic_depvary_step5_batch_yyy07,i23,EE-ITSCC,False,,0.07438337616622448,/home/mbuhr/probo2/src/results/ee_it_scc_part2/InitialSetSolver/EE-ITSCC/iccma23_aba2af/i23input_exp_acyclic_depvary_step5_batch_yyy07_1.out,False,,,400,iccma23_aba2af,['i23'],arg,/home/mbuhr/iccma23/aba2af,False,2,False,,,{},1,ee_it_scc_part2
InitialSetSolver,0.1,/home/mbuhr/InitialSetSolver/build/InitialSetSolver,2,i23input_exp_acyclic_depvary_step5_batch_yyy08,i23,EE-ITSCC,False,,0.32312447018921375,/home/mbuhr/probo2/src/results/ee_it_scc_part2/InitialSetSolver/EE-ITSCC/iccma23_aba2af/i23input_exp_acyclic_depvary_step5_batch_yyy08_1.out,False,,,400,iccma23_aba2af,['i23'],arg,/home/mbuhr/iccma23/aba2af,False,2,False,,,{},1,ee_it_scc_part2
InitialSetSolver,0.1,/home/mbuhr/InitialSetSolver/build/InitialSetSolver,2,i23input_exp_acyclic_depvary_step6_batch_yyy07,i23,EE-ITSCC,False,,0.12441952992230654,/home/mbuhr/probo2/src/results/ee_it_scc_part2/InitialSetSolver/EE-ITSCC/iccma23_aba2af/i23input_exp_acyclic_depvary_step6_batch_yyy07_1.out,False,,,400,iccma23_aba2af,['i23'],arg,/home/mbuhr/iccma23/aba2af,False,2,False,,,{},1,ee_it_scc_part2
InitialSetSolver,0.1,/home/mbuhr/InitialSetSolver/build/InitialSetSolver,2,i23input_exp_acyclic_depvary_step6_batch_yyy08,i23,EE-ITSCC,False,,0.04102532099932432,/home/mbuhr/probo2/src/results/ee_it_scc_part2/InitialSetSolver/EE-ITSCC/iccma23_aba2af/i23input_exp_acyclic_depvary_step6_batch_yyy08_1.out,False,,,400,iccma23_aba2af,['i23'],arg,/home/mbuhr/iccma23/aba2af,False,2,False,,,{},1,ee_it_scc_part2
InitialSetSolver,0.1,/home/mbuhr/InitialSetSolver/build/InitialSetSolver,2,i23input_exp_acyclic_depvary_step6_batch_yyy09,i23,EE-ITSCC,False,,0.1204572869464755,/home/mbuhr/probo2/src/results/ee_it_scc_part2/InitialSetSolver/EE-ITSCC/iccma23_aba2af/i23input_exp_acyclic_depvary_step6_batch_yyy09_1.out,False,,,400,iccma23_aba2af,['i23'],arg,/home/mbuhr/iccma23/aba2af,False,2,False,,,{},1,ee_it_scc_part2
InitialSetSolver,0.1,/home/mbuhr/InitialSetSolver/build/InitialSetSolver,2,i23input_exp_acyclic_depvary_step6_batch_yyy10,i23,EE-ITSCC,False,,0.04083168599754572,/home/mbuhr/probo2/src/results/ee_it_scc_part2/InitialSetSolver/EE-ITSCC/iccma23_aba2af/i23input_exp_acyclic_depvary_step6_batch_yyy10_1.out,False,,,400,iccma23_aba2af,['i23'],arg,/home/mbuhr/iccma23/aba2af,False,2,False,,,{},1,ee_it_scc_part2
InitialSetSolver,0.1,/home/mbuhr/InitialSetSolver/build/InitialSetSolver,2,i23input_exp_acyclic_depvary_step7_batch_yyy02,i23,EE-ITSCC,False,,0.03737969556823373,/home/mbuhr/probo2/src/results/ee_it_scc_part2/InitialSetSolver/EE-ITSCC/iccma23_aba2af/i23input_exp_acyclic_depvary_step7_batch_yyy02_1.out,False,,,400,iccma23_aba2af,['i23'],arg,/home/mbuhr/iccma23/aba2af,False,2,False,,,{},1,ee_it_scc_part2
InitialSetSolver,0.1,/home/mbuhr/InitialSetSolver/build/InitialSetSolver,2,i23input_exp_acyclic_depvary_step7_batch_yyy08,i23,EE-ITSCC,False,,1.9797155791893601,/home/mbuhr/probo2/src/results/ee_it_scc_part2/InitialSetSolver/EE-ITSCC/iccma23_aba2af/i23input_exp_acyclic_depvary_step7_batch_yyy08_1.out,False,,,400,iccma23_aba2af,['i23'],arg,/home/mbuhr/iccma23/aba2af,False,2,False,,,{},1,ee_it_scc_part2
InitialSetSolver,0.1,/home/mbuhr/InitialSetSolver/build/InitialSetSolver,2,i23input_exp_acyclic_depvary_step8_batch_yyy03,i23,EE-ITSCC,False,,0.17518408503383398,/home/mbuhr/probo2/src/results/ee_it_scc_part2/InitialSetSolver/EE-ITSCC/iccma23_aba2af/i23input_exp_acyclic_depvary_step8_batch_yyy03_1.out,False,,,400,iccma23_aba2af,['i23'],arg,/home/mbuhr/iccma23/aba2af,False,2,False,,,{},1,ee_it_scc_part2
InitialSetSolver,0.1,/home/mbuhr/InitialSetSolver/build/InitialSetSolver,2,i23input_exp_acyclic_depvary_step8_batch_yyy07,i23,EE-ITSCC,False,,0.041473072953522205,/home/mbuhr/probo2/src/results/ee_it_scc_part2/InitialSetSolver/EE-ITSCC/iccma23_aba2af/i23input_exp_acyclic_depvary_step8_batch_yyy07_1.out,False,,,400,iccma23_aba2af,['i23'],arg,/home/mbuhr/iccma23/aba2af,False,2,False,,,{},1,ee_it_scc_part2
InitialSetSolver,0.1,/home/mbuhr/InitialSetSolver/build/InitialSetSolver,2,i23input_exp_acyclic_depvary_step8_batch_yyy09,i23,EE-ITSCC,False,,1.7798220240511,/home/mbuhr/probo2/src/results/ee_it_scc_part2/InitialSetSolver/EE-ITSCC/iccma23_aba2af/i23input_exp_acyclic_depvary_step8_batch_yyy09_1.out,False,,,400,iccma23_aba2af,['i23'],arg,/home/mbuhr/iccma23/aba2af,False,2,False,,,{},1,ee_it_scc_part2
InitialSetSolver,0.1,/home/mbuhr/InitialSetSolver/build/InitialSetSolver,2,i23input_exp_acyclic_depvary_step8_batch_yyy10,i23,EE-ITSCC,False,,0.07422361196950078,/home/mbuhr/probo2/src/results/ee_it_scc_part2/InitialSetSolver/EE-ITSCC/iccma23_aba2af/i23input_exp_acyclic_depvary_step8_batch_yyy10_1.out,False,,,400,iccma23_aba2af,['i23'],arg,/home/mbuhr/iccma23/aba2af,False,2,False,,,{},1,ee_it_scc_part2
InitialSetSolver,0.1,/home/mbuhr/InitialSetSolver/build/InitialSetSolver,2,i23input_exp_acyclic_indvary2_step1_batch_yyy04,i23,EE-ITSCC,False,,0.07120954897254705,/home/mbuhr/probo2/src/results/ee_it_scc_part2/InitialSetSolver/EE-ITSCC/iccma23_aba2af/i23input_exp_acyclic_indvary2_step1_batch_yyy04_1.out,False,,,400,iccma23_aba2af,['i23'],arg,/home/mbuhr/iccma23/aba2af,False,2,False,,,{},1,ee_it_scc_part2
InitialSetSolver,0.1,/home/mbuhr/InitialSetSolver/build/InitialSetSolver,2,i23input_exp_acyclic_indvary2_step2_batch_yyy02,i23,EE-ITSCC,False,,4.289175488986075,/home/mbuhr/probo2/src/results/ee_it_scc_part2/InitialSetSolver/EE-ITSCC/iccma23_aba2af/i23input_exp_acyclic_indvary2_step2_batch_yyy02_1.out,False,,,400,iccma23_aba2af,['i23'],arg,/home/mbuhr/iccma23/aba2af,False,2,False,,,{},1,ee_it_scc_part2
InitialSetSolver,0.1,/home/mbuhr/InitialSetSolver/build/InitialSetSolver,2,i23input_exp_acyclic_indvary2_step2_batch_yyy10,i23,EE-ITSCC,False,,1.378732052166015,/home/mbuhr/probo2/src/results/ee_it_scc_part2/InitialSetSolver/EE-ITSCC/iccma23_aba2af/i23input_exp_acyclic_indvary2_step2_batch_yyy10_1.out,False,,,400,iccma23_aba2af,['i23'],arg,/home/mbuhr/iccma23/aba2af,False,2,False,,,{},1,ee_it_scc_part2
InitialSetSolver,0.1,/home/mbuhr/InitialSetSolver/build/InitialSetSolver,2,i23input_exp_cycles_depvary_step3_batch_yyy02,i23,EE-ITSCC,False,,0.1752812610939145,/home/mbuhr/probo2/src/results/ee_it_scc_part2/InitialSetSolver/EE-ITSCC/iccma23_aba2af/i23input_exp_cycles_depvary_step3_batch_yyy02_1.out,False,,,400,iccma23_aba2af,['i23'],arg,/home/mbuhr/iccma23/aba2af,False,2,False,,,{},1,ee_it_scc_part2
InitialSetSolver,0.1,/home/mbuhr/InitialSetSolver/build/InitialSetSolver,2,i23input_exp_cycles_depvary_step3_batch_yyy10,i23,EE-ITSCC,False,,0.1745337639003992,/home/mbuhr/probo2/src/results/ee_it_scc_part2/InitialSetSolver/EE-ITSCC/iccma23_aba2af/i23input_exp_cycles_depvary_step3_batch_yyy10_1.out,False,,,400,iccma23_aba2af,['i23'],arg,/home/mbuhr/iccma23/aba2af,False,2,False,,,{},1,ee_it_scc_part2
InitialSetSolver,0.1,/home/mbuhr/InitialSetSolver/build/InitialSetSolver,2,i23input_exp_cycles_depvary_step4_batch_yyy04,i23,EE-ITSCC,False,,0.8253367431461811,/home/mbuhr/probo2/src/results/ee_it_scc_part2/InitialSetSolver/EE-ITSCC/iccma23_aba2af/i23input_exp_cycles_depvary_step4_batch_yyy04_1.out,False,,,400,iccma23_aba2af,['i23'],arg,/home/mbuhr/iccma23/aba2af,False,2,False,,,{},1,ee_it_scc_part2
InitialSetSolver,0.1,/home/mbuhr/InitialSetSolver/build/InitialSetSolver,2,i23input_exp_cycles_indvary1_step1_batch_yyy07,i23,EE-ITSCC,False,,0.27439128793776035,/home/mbuhr/probo2/src/results/ee_it_scc_part2/InitialSetSolver/EE-ITSCC/iccma23_aba2af/i23input_exp_cycles_indvary1_step1_batch_yyy07_1.out,False,,,400,iccma23_aba2af,['i23'],arg,/home/mbuhr/iccma23/aba2af,False,2,False,,,{},1,ee_it_scc_part2
InitialSetSolver,0.1,/home/mbuhr/InitialSetSolver/build/InitialSetSolver,2,i23input_exp_cycles_indvary1_step3_batch_yyy05,i23,EE-ITSCC,False,,0.12300541391596198,/home/mbuhr/probo2/src/results/ee_it_scc_part2/InitialSetSolver/EE-ITSCC/iccma23_aba2af/i23input_exp_cycles_indvary1_step3_batch_yyy05_1.out,False,,,400,iccma23_aba2af,['i23'],arg,/home/mbuhr/iccma23/aba2af,False,2,False,,,{},1,ee_it_scc_part2
InitialSetSolver,0.1,/home/mbuhr/InitialSetSolver/build/InitialSetSolver,2,i23input_exp_cycles_indvary1_step4_batch_yyy03,i23,EE-ITSCC,False,,0.07141019077971578,/home/mbuhr/probo2/src/results/ee_it_scc_part2/InitialSetSolver/EE-ITSCC/iccma23_aba2af/i23input_exp_cycles_indvary1_step4_batch_yyy03_1.out,False,,,400,iccma23_aba2af,['i23'],arg,/home/mbuhr/iccma23/aba2af,False,2,False,,,{},1,ee_it_scc_part2
InitialSetSolver,0.1,/home/mbuhr/InitialSetSolver/build/InitialSetSolver,2,i23input_exp_cycles_indvary2_step1_batch_yyy01,i23,EE-ITSCC,False,,1.3781599407084286,/home/mbuhr/probo2/src/results/ee_it_scc_part2/InitialSetSolver/EE-ITSCC/iccma23_aba2af/i23input_exp_cycles_indvary2_step1_batch_yyy01_1.out,False,,,400,iccma23_aba2af,['i23'],arg,/home/mbuhr/iccma23/aba2af,False,2,False,,,{},1,ee_it_scc_part2
InitialSetSolver,0.1,/home/mbuhr/InitialSetSolver/build/InitialSetSolver,2,i23input_exp_cycles_indvary2_step1_batch_yyy06,i23,EE-ITSCC,False,,2.3327253782190382,/home/mbuhr/probo2/src/results/ee_it_scc_part2/InitialSetSolver/EE-ITSCC/iccma23_aba2af/i23input_exp_cycles_indvary2_step1_batch_yyy06_1.out,False,,,400,iccma23_aba2af,['i23'],arg,/home/mbuhr/iccma23/aba2af,False,2,False,,,{},1,ee_it_scc_part2
InitialSetSolver,0.1,/home/mbuhr/InitialSetSolver/build/InitialSetSolver,2,i23input_exp_cycles_indvary2_step1_batch_yyy09,i23,EE-ITSCC,False,,0.17497536400333047,/home/mbuhr/probo2/src/results/ee_it_scc_part2/InitialSetSolver/EE-ITSCC/iccma23_aba2af/i23input_exp_cycles_indvary2_step1_batch_yyy09_1.out,False,,,400,iccma23_aba2af,['i23'],arg,/home/mbuhr/iccma23/aba2af,False,2,False,,,{},1,ee_it_scc_part2
InitialSetSolver,0.1,/home/mbuhr/InitialSetSolver/build/InitialSetSolver,2,n100p3q34ve,i23,EE-ITSCC,False,,1.328254631254822,/home/mbuhr/probo2/src/results/ee_it_scc_part2/InitialSetSolver/EE-ITSCC/iccma23_afgen/n100p3q34ve_1.out,False,,,400,iccma23_afgen,['i23'],arg,/home/mbuhr/iccma23/afgen,False,4,False,,,{},1,ee_it_scc_part2
InitialSetSolver,0.1,/home/mbuhr/InitialSetSolver/build/InitialSetSolver,2,n100p5q2,i23,EE-ITSCC,False,,0.12127686431631446,/home/mbuhr/probo2/src/results/ee_it_scc_part2/InitialSetSolver/EE-ITSCC/iccma23_afgen/n100p5q2_1.out,False,,,400,iccma23_afgen,['i23'],arg,/home/mbuhr/iccma23/afgen,False,4,False,,,{},1,ee_it_scc_part2
InitialSetSolver,0.1,/home/mbuhr/InitialSetSolver/build/InitialSetSolver,2,n128p5q2_ve,i23,EE-ITSCC,False,,0.220816554967314,/home/mbuhr/probo2/src/results/ee_it_scc_part2/InitialSetSolver/EE-ITSCC/iccma23_afgen/n128p5q2_ve_1.out,False,,,400,iccma23_afgen,['i23'],arg,/home/mbuhr/iccma23/afgen,False,4,False,,,{},1,ee_it_scc_part2
InitialSetSolver,0.1,/home/mbuhr/InitialSetSolver/build/InitialSetSolver,2,n150p3q34n,i23,EE-ITSCC,False,,14.432765084318817,/home/mbuhr/probo2/src/results/ee_it_scc_part2/InitialSetSolver/EE-ITSCC/iccma23_afgen/n150p3q34n_1.out,False,,,400,iccma23_afgen,['i23'],arg,/home/mbuhr/iccma23/afgen,False,4,False,,,{},1,ee_it_scc_part2
InitialSetSolver,0.1,/home/mbuhr/InitialSetSolver/build/InitialSetSolver,2,n160p3q24e,i23,EE-ITSCC,False,,3.741061393171549,/home/mbuhr/probo2/src/results/ee_it_scc_part2/InitialSetSolver/EE-ITSCC/iccma23_afgen/n160p3q24e_1.out,False,,,400,iccma23_afgen,['i23'],arg,/home/mbuhr/iccma23/afgen,False,4,False,,,{},1,ee_it_scc_part2
InitialSetSolver,0.1,/home/mbuhr/InitialSetSolver/build/InitialSetSolver,2,n160p3q34h,i23,EE-ITSCC,False,,29.663725735154003,/home/mbuhr/probo2/src/results/ee_it_scc_part2/InitialSetSolver/EE-ITSCC/iccma23_afgen/n160p3q34h_1.out,False,,,400,iccma23_afgen,['i23'],arg,/home/mbuhr/iccma23/afgen,False,4,False,,,{},1,ee_it_scc_part2
InitialSetSolver,0.1,/home/mbuhr/InitialSetSolver/build/InitialSetSolver,2,n160p5q2_ve,i23,EE-ITSCC,False,,0.5261182747781277,/home/mbuhr/probo2/src/results/ee_it_scc_part2/InitialSetSolver/EE-ITSCC/iccma23_afgen/n160p5q2_ve_1.out,False,,,400,iccma23_afgen,['i23'],arg,/home/mbuhr/iccma23/afgen,False,4,False,,,{},1,ee_it_scc_part2
InitialSetSolver,0.1,/home/mbuhr/InitialSetSolver/build/InitialSetSolver,2,n175p3q34h,i23,EE-ITSCC,False,,61.95636969432235,/home/mbuhr/probo2/src/results/ee_it_scc_part2/InitialSetSolver/EE-ITSCC/iccma23_afgen/n175p3q34h_1.out,False,,,400,iccma23_afgen,['i23'],arg,/home/mbuhr/iccma23/afgen,False,4,False,,,{},1,ee_it_scc_part2
InitialSetSolver,0.1,/home/mbuhr/InitialSetSolver/build/InitialSetSolver,2,n192p5q2_ve,i23,EE-ITSCC,False,,1.6290799602866173,/home/mbuhr/probo2/src/results/ee_it_scc_part2/InitialSetSolver/EE-ITSCC/iccma23_afgen/n192p5q2_ve_1.out,False,,,400,iccma23_afgen,['i23'],arg,/home/mbuhr/iccma23/afgen,False,4,False,,,{},1,ee_it_scc_part2
InitialSetSolver,0.1,/home/mbuhr/InitialSetSolver/build/InitialSetSolver,2,n200p3q34h,i23,EE-ITSCC,False,,211.1688134437427,/home/mbuhr/probo2/src/results/ee_it_scc_part2/InitialSetSolver/EE-ITSCC/iccma23_afgen/n200p3q34h_1.out,False,,,400,iccma23_afgen,['i23'],arg,/home/mbuhr/iccma23/afgen,False,4,False,,,{},1,ee_it_scc_part2
InitialSetSolver,0.1,/home/mbuhr/InitialSetSolver/build/InitialSetSolver,2,n224p5q2_ve,i23,EE-ITSCC,False,,4.542479409836233,/home/mbuhr/probo2/src/results/ee_it_scc_part2/InitialSetSolver/EE-ITSCC/iccma23_afgen/n224p5q2_ve_1.out,False,,,400,iccma23_afgen,['i23'],arg,/home/mbuhr/iccma23/afgen,False,4,False,,,{},1,ee_it_scc_part2
InitialSetSolver,0.1,/home/mbuhr/InitialSetSolver/build/InitialSetSolver,2,n256p3q08n,i23,EE-ITSCC,False,,61.45074389223009,/home/mbuhr/probo2/src/results/ee_it_scc_part2/InitialSetSolver/EE-ITSCC/iccma23_afgen/n256p3q08n_1.out,False,,,400,iccma23_afgen,['i23'],arg,/home/mbuhr/iccma23/afgen,False,4,False,,,{},1,ee_it_scc_part2
InitialSetSolver,0.1,/home/mbuhr/InitialSetSolver/build/InitialSetSolver,2,n256p5q2_e,i23,EE-ITSCC,False,,9.859650667291135,/home/mbuhr/probo2/src/results/ee_it_scc_part2/InitialSetSolver/EE-ITSCC/iccma23_afgen/n256p5q2_e_1.out,False,,,400,iccma23_afgen,['i23'],arg,/home/mbuhr/iccma23/afgen,False,4,False,,,{},1,ee_it_scc_part2
InitialSetSolver,0.1,/home/mbuhr/InitialSetSolver/build/InitialSetSolver,2,n320p5q2_n,i23,EE-ITSCC,False,,51.8720743204467,/home/mbuhr/probo2/src/results/ee_it_scc_part2/InitialSetSolver/EE-ITSCC/iccma23_afgen/n320p5q2_n_1.out,False,,,400,iccma23_afgen,['i23'],arg,/home/mbuhr/iccma23/afgen,False,4,False,,,{},1,ee_it_scc_part2
InitialSetSolver,0.1,/home/mbuhr/InitialSetSolver/build/InitialSetSolver,2,n384p5q2_vh,i23,EE-ITSCC,False,,189.32943779509515,/home/mbuhr/probo2/src/results/ee_it_scc_part2/InitialSetSolver/EE-ITSCC/iccma23_afgen/n384p5q2_vh_1.out,False,,,400,iccma23_afgen,['i23'],arg,/home/mbuhr/iccma23/afgen,False,4,False,,,{},1,ee_it_scc_part2
InitialSetSolver,0.1,/home/mbuhr/InitialSetSolver/build/InitialSetSolver,2,n448p5q2_vh,i23,EE-ITSCC,True,,400,,False,,,400,iccma23_afgen,['i23'],arg,/home/mbuhr/iccma23/afgen,False,4,False,,,{},1,ee_it_scc_part2
InitialSetSolver,0.1,/home/mbuhr/InitialSetSolver/build/InitialSetSolver,2,n512p5q2_vh,i23,EE-ITSCC,True,,400,,False,,,400,iccma23_afgen,['i23'],arg,/home/mbuhr/iccma23/afgen,False,4,False,,,{},1,ee_it_scc_part2
InitialSetSolver,0.1,/home/mbuhr/InitialSetSolver/build/InitialSetSolver,2,g_1160_0.02_10,i23,EE-ITSCC,False,,0.17587360832840204,/home/mbuhr/probo2/src/results/ee_it_scc_part2/InitialSetSolver/EE-ITSCC/iccma23_gr/g_1160_0.02_10_1.out,False,,,400,iccma23_gr,['i23'],arg,/home/mbuhr/iccma23/gr,False,9,False,,,{},1,ee_it_scc_part2
InitialSetSolver,0.1,/home/mbuhr/InitialSetSolver/build/InitialSetSolver,2,g_1191_0.02_8,i23,EE-ITSCC,False,,0.27554326318204403,/home/mbuhr/probo2/src/results/ee_it_scc_part2/InitialSetSolver/EE-ITSCC/iccma23_gr/g_1191_0.02_8_1.out,False,,,400,iccma23_gr,['i23'],arg,/home/mbuhr/iccma23/gr,False,9,False,,,{},1,ee_it_scc_part2
InitialSetSolver,0.1,/home/mbuhr/InitialSetSolver/build/InitialSetSolver,2,g_1265_0.05_3,i23,EE-ITSCC,False,,0.17489076405763626,/home/mbuhr/probo2/src/results/ee_it_scc_part2/InitialSetSolver/EE-ITSCC/iccma23_gr/g_1265_0.05_3_1.out,False,,,400,iccma23_gr,['i23'],arg,/home/mbuhr/iccma23/gr,False,9,False,,,{},1,ee_it_scc_part2
InitialSetSolver,0.1,/home/mbuhr/InitialSetSolver/build/InitialSetSolver,2,g_1400_0.02_9,i23,EE-ITSCC,False,,0.17418383015319705,/home/mbuhr/probo2/src/results/ee_it_scc_part2/InitialSetSolver/EE-ITSCC/iccma23_gr/g_1400_0.02_9_1.out,False,,,400,iccma23_gr,['i23'],arg,/home/mbuhr/iccma23/gr,False,9,False,,,{},1,ee_it_scc_part2
InitialSetSolver,0.1,/home/mbuhr/InitialSetSolver/build/InitialSetSolver,2,g_1477_0.03_8,i23,EE-ITSCC,False,,0.2756094532087445,/home/mbuhr/probo2/src/results/ee_it_scc_part2/InitialSetSolver/EE-ITSCC/iccma23_gr/g_1477_0.03_8_1.out,False,,,400,iccma23_gr,['i23'],arg,/home/mbuhr/iccma23/gr,False,9,False,,,{},1,ee_it_scc_part2
InitialSetSolver,0.1,/home/mbuhr/InitialSetSolver/build/InitialSetSolver,2,g_1498_0.02_2,i23,EE-ITSCC,False,,0.27507407311350107,/home/mbuhr/probo2/src/results/ee_it_scc_part2/InitialSetSolver/EE-ITSCC/iccma23_gr/g_1498_0.02_2_1.out,False,,,400,iccma23_gr,['i23'],arg,/home/mbuhr/iccma23/gr,False,9,False,,,{},1,ee_it_scc_part2
InitialSetSolver,0.1,/home/mbuhr/InitialSetSolver/build/InitialSetSolver,2,g_1570_0.02_4,i23,EE-ITSCC,False,,0.3759534708224237,/home/mbuhr/probo2/src/results/ee_it_scc_part2/InitialSetSolver/EE-ITSCC/iccma23_gr/g_1570_0.02_4_1.out,False,,,400,iccma23_gr,['i23'],arg,/home/mbuhr/iccma23/gr,False,9,False,,,{},1,ee_it_scc_part2
InitialSetSolver,0.1,/home/mbuhr/InitialSetSolver/build/InitialSetSolver,2,g_1590_0.01_1,i23,EE-ITSCC,False,,0.677278898190707,/home/mbuhr/probo2/src/results/ee_it_scc_part2/InitialSetSolver/EE-ITSCC/iccma23_gr/g_1590_0.01_1_1.out,False,,,400,iccma23_gr,['i23'],arg,/home/mbuhr/iccma23/gr,False,9,False,,,{},1,ee_it_scc_part2
InitialSetSolver,0.1,/home/mbuhr/InitialSetSolver/build/InitialSetSolver,2,g_1604_0.03_3,i23,EE-ITSCC,False,,0.27519339602440596,/home/mbuhr/probo2/src/results/ee_it_scc_part2/InitialSetSolver/EE-ITSCC/iccma23_gr/g_1604_0.03_3_1.out,False,,,400,iccma23_gr,['i23'],arg,/home/mbuhr/iccma23/gr,False,9,False,,,{},1,ee_it_scc_part2
InitialSetSolver,0.1,/home/mbuhr/InitialSetSolver/build/InitialSetSolver,2,g_1768_0.05_2,i23,EE-ITSCC,False,,0.32573970407247543,/home/mbuhr/probo2/src/results/ee_it_scc_part2/InitialSetSolver/EE-ITSCC/iccma23_gr/g_1768_0.05_2_1.out,False,,,400,iccma23_gr,['i23'],arg,/home/mbuhr/iccma23/gr,False,9,False,,,{},1,ee_it_scc_part2
InitialSetSolver,0.1,/home/mbuhr/InitialSetSolver/build/InitialSetSolver,2,g_2016_0.01_9,i23,EE-ITSCC,False,,0.9288840261287987,/home/mbuhr/probo2/src/results/ee_it_scc_part2/InitialSetSolver/EE-ITSCC/iccma23_gr/g_2016_0.01_9_1.out,False,,,400,iccma23_gr,['i23'],arg,/home/mbuhr/iccma23/gr,False,9,False,,,{},1,ee_it_scc_part2
InitialSetSolver,0.1,/home/mbuhr/InitialSetSolver/build/InitialSetSolver,2,g_2176_0.05_9,i23,EE-ITSCC,False,,0.42511151172220707,/home/mbuhr/probo2/src/results/ee_it_scc_part2/InitialSetSolver/EE-ITSCC/iccma23_gr/g_2176_0.05_9_1.out,False,,,400,iccma23_gr,['i23'],arg,/home/mbuhr/iccma23/gr,False,9,False,,,{},1,ee_it_scc_part2
InitialSetSolver,0.1,/home/mbuhr/InitialSetSolver/build/InitialSetSolver,2,g_2288_0.02_7,i23,EE-ITSCC,False,,0.42523425491526723,/home/mbuhr/probo2/src/results/ee_it_scc_part2/InitialSetSolver/EE-ITSCC/iccma23_gr/g_2288_0.02_7_1.out,False,,,400,iccma23_gr,['i23'],arg,/home/mbuhr/iccma23/gr,False,9,False,,,{},1,ee_it_scc_part2
InitialSetSolver,0.1,/home/mbuhr/InitialSetSolver/build/InitialSetSolver,2,g_2295_0.03_7,i23,EE-ITSCC,False,,0.37606310518458486,/home/mbuhr/probo2/src/results/ee_it_scc_part2/InitialSetSolver/EE-ITSCC/iccma23_gr/g_2295_0.03_7_1.out,False,,,400,iccma23_gr,['i23'],arg,/home/mbuhr/iccma23/gr,False,9,False,,,{},1,ee_it_scc_part2
InitialSetSolver,0.1,/home/mbuhr/InitialSetSolver/build/InitialSetSolver,2,g_2490_0.02_9,i23,EE-ITSCC,False,,0.5770215718075633,/home/mbuhr/probo2/src/results/ee_it_scc_part2/InitialSetSolver/EE-ITSCC/iccma23_gr/g_2490_0.02_9_1.out,False,,,400,iccma23_gr,['i23'],arg,/home/mbuhr/iccma23/gr,False,9,False,,,{},1,ee_it_scc_part2
InitialSetSolver,0.1,/home/mbuhr/InitialSetSolver/build/InitialSetSolver,2,g_2557_0.03_2,i23,EE-ITSCC,False,,0.6274636196903884,/home/mbuhr/probo2/src/results/ee_it_scc_part2/InitialSetSolver/EE-ITSCC/iccma23_gr/g_2557_0.03_2_1.out,False,,,400,iccma23_gr,['i23'],arg,/home/mbuhr/iccma23/gr,False,9,False,,,{},1,ee_it_scc_part2
InitialSetSolver,0.1,/home/mbuhr/InitialSetSolver/build/InitialSetSolver,2,g_2664_0.01_2,i23,EE-ITSCC,False,,1.0790312481112778,/home/mbuhr/probo2/src/results/ee_it_scc_part2/InitialSetSolver/EE-ITSCC/iccma23_gr/g_2664_0.01_2_1.out,False,,,400,iccma23_gr,['i23'],arg,/home/mbuhr/iccma23/gr,False,9,False,,,{},1,ee_it_scc_part2
InitialSetSolver,0.1,/home/mbuhr/InitialSetSolver/build/InitialSetSolver,2,g_2709_0.05_5,i23,EE-ITSCC,False,,0.5762317362241447,/home/mbuhr/probo2/src/results/ee_it_scc_part2/InitialSetSolver/EE-ITSCC/iccma23_gr/g_2709_0.05_5_1.out,False,,,400,iccma23_gr,['i23'],arg,/home/mbuhr/iccma23/gr,False,9,False,,,{},1,ee_it_scc_part2
InitialSetSolver,0.1,/home/mbuhr/InitialSetSolver/build/InitialSetSolver,2,g_3142_0.04_3,i23,EE-ITSCC,False,,0.9281933307647705,/home/mbuhr/probo2/src/results/ee_it_scc_part2/InitialSetSolver/EE-ITSCC/iccma23_gr/g_3142_0.04_3_1.out,False,,,400,iccma23_gr,['i23'],arg,/home/mbuhr/iccma23/gr,False,9,False,,,{},1,ee_it_scc_part2
InitialSetSolver,0.1,/home/mbuhr/InitialSetSolver/build/InitialSetSolver,2,g_3195_0.03_8,i23,EE-ITSCC,False,,0.9285915018990636,/home/mbuhr/probo2/src/results/ee_it_scc_part2/InitialSetSolver/EE-ITSCC/iccma23_gr/g_3195_0.03_8_1.out,False,,,400,iccma23_gr,['i23'],arg,/home/mbuhr/iccma23/gr,False,9,False,,,{},1,ee_it_scc_part2
InitialSetSolver,0.1,/home/mbuhr/InitialSetSolver/build/InitialSetSolver,2,g_3286_0.01_6,i23,EE-ITSCC,False,,1.7826177263632417,/home/mbuhr/probo2/src/results/ee_it_scc_part2/InitialSetSolver/EE-ITSCC/iccma23_gr/g_3286_0.01_6_1.out,False,,,400,iccma23_gr,['i23'],arg,/home/mbuhr/iccma23/gr,False,9,False,,,{},1,ee_it_scc_part2
InitialSetSolver,0.1,/home/mbuhr/InitialSetSolver/build/InitialSetSolver,2,g_3409_0.02_8,i23,EE-ITSCC,False,,1.4809642489999533,/home/mbuhr/probo2/src/results/ee_it_scc_part2/InitialSetSolver/EE-ITSCC/iccma23_gr/g_3409_0.02_8_1.out,False,,,400,iccma23_gr,['i23'],arg,/home/mbuhr/iccma23/gr,False,9,False,,,{},1,ee_it_scc_part2
InitialSetSolver,0.1,/home/mbuhr/InitialSetSolver/build/InitialSetSolver,2,g_3521_0.05_2,i23,EE-ITSCC,False,,1.0283550038002431,/home/mbuhr/probo2/src/results/ee_it_scc_part2/InitialSetSolver/EE-ITSCC/iccma23_gr/g_3521_0.05_2_1.out,False,,,400,iccma23_gr,['i23'],arg,/home/mbuhr/iccma23/gr,False,9,False,,,{},1,ee_it_scc_part2
InitialSetSolver,0.1,/home/mbuhr/InitialSetSolver/build/InitialSetSolver,2,g_3582_0.03_3,i23,EE-ITSCC,False,,0.9280886892229319,/home/mbuhr/probo2/src/results/ee_it_scc_part2/InitialSetSolver/EE-ITSCC/iccma23_gr/g_3582_0.03_3_1.out,False,,,400,iccma23_gr,['i23'],arg,/home/mbuhr/iccma23/gr,False,9,False,,,{},1,ee_it_scc_part2
InitialSetSolver,0.1,/home/mbuhr/InitialSetSolver/build/InitialSetSolver,2,g_3690_0.01_8,i23,EE-ITSCC,False,,1.5309315770864487,/home/mbuhr/probo2/src/results/ee_it_scc_part2/InitialSetSolver/EE-ITSCC/iccma23_gr/g_3690_0.01_8_1.out,False,,,400,iccma23_gr,['i23'],arg,/home/mbuhr/iccma23/gr,False,9,False,,,{},1,ee_it_scc_part2
InitialSetSolver,0.1,/home/mbuhr/InitialSetSolver/build/InitialSetSolver,2,ferry2.pfile-L2-C1-02.pddl.2.cnf,i23,EE-ITSCC,False,,0.041306143160909414,/home/mbuhr/probo2/src/results/ee_it_scc_part2/InitialSetSolver/EE-ITSCC/iccma23_planning2af/ferry2.pfile-L2-C1-02.pddl.2.cnf_1.out,False,,,400,iccma23_planning2af,['i23'],arg,/home/mbuhr/iccma23/planning2af,False,10,False,,,{},1,ee_it_scc_part2
InitialSetSolver,0.1,/home/mbuhr/InitialSetSolver/build/InitialSetSolver,2,ferry2.pfile-L2-C2-01.pddl.6.cnf,i23,EE-ITSCC,False,,0.07298287795856595,/home/mbuhr/probo2/src/results/ee_it_scc_part2/InitialSetSolver/EE-ITSCC/iccma23_planning2af/ferry2.pfile-L2-C2-01.pddl.6.cnf_1.out,False,,,400,iccma23_planning2af,['i23'],arg,/home/mbuhr/iccma23/planning2af,False,10,False,,,{},1,ee_it_scc_part2
InitialSetSolver,0.1,/home/mbuhr/InitialSetSolver/build/InitialSetSolver,2,ferry2.pfile-L2-C2-010.pddl.1.cnf,i23,EE-ITSCC,False,,0.025221418123692274,/home/mbuhr/probo2/src/results/ee_it_scc_part2/InitialSetSolver/EE-ITSCC/iccma23_planning2af/ferry2.pfile-L2-C2-010.pddl.1.cnf_1.out,False,,,400,iccma23_planning2af,['i23'],arg,/home/mbuhr/iccma23/planning2af,False,10,False,,,{},1,ee_it_scc_part2
InitialSetSolver,0.1,/home/mbuhr/InitialSetSolver/build/InitialSetSolver,2,ferry2.pfile-L2-C2-04.pddl.2.cnf,i23,EE-ITSCC,False,,0.03983205696567893,/home/mbuhr/probo2/src/results/ee_it_scc_part2/InitialSetSolver/EE-ITSCC/iccma23_planning2af/ferry2.pfile-L2-C2-04.pddl.2.cnf_1.out,False,,,400,iccma23_planning2af,['i23'],arg,/home/mbuhr/iccma23/planning2af,False,10,False,,,{},1,ee_it_scc_part2
InitialSetSolver,0.1,/home/mbuhr/InitialSetSolver/build/InitialSetSolver,2,ferry2.pfile-L2-C2-07.pddl.2.cnf,i23,EE-ITSCC,False,,0.041256519965827465,/home/mbuhr/probo2/src/results/ee_it_scc_part2/InitialSetSolver/EE-ITSCC/iccma23_planning2af/ferry2.pfile-L2-C2-07.pddl.2.cnf_1.out,False,,,400,iccma23_planning2af,['i23'],arg,/home/mbuhr/iccma23/planning2af,False,10,False,,,{},1,ee_it_scc_part2
InitialSetSolver,0.1,/home/mbuhr/InitialSetSolver/build/InitialSetSolver,2,ferry2.pfile-L2-C3-05.pddl.1.cnf,i23,EE-ITSCC,False,,0.07318218518048525,/home/mbuhr/probo2/src/results/ee_it_scc_part2/InitialSetSolver/EE-ITSCC/iccma23_planning2af/ferry2.pfile-L2-C3-05.pddl.1.cnf_1.out,False,,,400,iccma23_planning2af,['i23'],arg,/home/mbuhr/iccma23/planning2af,False,10,False,,,{},1,ee_it_scc_part2
InitialSetSolver,0.1,/home/mbuhr/InitialSetSolver/build/InitialSetSolver,2,ferry2.pfile-L2-C3-09.pddl.1.cnf,i23,EE-ITSCC,False,,0.07273505721241236,/home/mbuhr/probo2/src/results/ee_it_scc_part2/InitialSetSolver/EE-ITSCC/iccma23_planning2af/ferry2.pfile-L2-C3-09.pddl.1.cnf_1.out,False,,,400,iccma23_planning2af,['i23'],arg,/home/mbuhr/iccma23/planning2af,False,10,False,,,{},1,ee_it_scc_part2
InitialSetSolver,0.1,/home/mbuhr/InitialSetSolver/build/InitialSetSolver,2,ferry2.pfile-L2-C4-03.pddl.1.cnf,i23,EE-ITSCC,False,,0.04082329198718071,/home/mbuhr/probo2/src/results/ee_it_scc_part2/InitialSetSolver/EE-ITSCC/iccma23_planning2af/ferry2.pfile-L2-C4-03.pddl.1.cnf_1.out,False,,,400,iccma23_planning2af,['i23'],arg,/home/mbuhr/iccma23/planning2af,False,10,False,,,{},1,ee_it_scc_part2
InitialSetSolver,0.1,/home/mbuhr/InitialSetSolver/build/InitialSetSolver,2,ferry2.pfile-L2-C4-06.pddl.2.cnf,i23,EE-ITSCC,False,,0.07298639230430126,/home/mbuhr/probo2/src/results/ee_it_scc_part2/InitialSetSolver/EE-ITSCC/iccma23_planning2af/ferry2.pfile-L2-C4-06.pddl.2.cnf_1.out,False,,,400,iccma23_planning2af,['i23'],arg,/home/mbuhr/iccma23/planning2af,False,10,False,,,{},1,ee_it_scc_part2
InitialSetSolver,0.1,/home/mbuhr/InitialSetSolver/build/InitialSetSolver,2,ferry2.pfile-L2-C4-07.pddl.1.cnf,i23,EE-ITSCC,False,,0.07295951386913657,/home/mbuhr/probo2/src/results/ee_it_scc_part2/InitialSetSolver/EE-ITSCC/iccma23_planning2af/ferry2.pfile-L2-C4-07.pddl.1.cnf_1.out,False,,,400,iccma23_planning2af,['i23'],arg,/home/mbuhr/iccma23/planning2af,False,10,False,,,{},1,ee_it_scc_part2
InitialSetSolver,0.1,/home/mbuhr/InitialSetSolver/build/InitialSetSolver,2,ferry2.pfile-L2-C4-09.pddl.6.cnf,i23,EE-ITSCC,False,,0.17173654399812222,/home/mbuhr/probo2/src/results/ee_it_scc_part2/InitialSetSolver/EE-ITSCC/iccma23_planning2af/ferry2.pfile-L2-C4-09.pddl.6.cnf_1.out,False,,,400,iccma23_planning2af,['i23'],arg,/home/mbuhr/iccma23/planning2af,False,10,False,,,{},1,ee_it_scc_part2
InitialSetSolver,0.1,/home/mbuhr/InitialSetSolver/build/InitialSetSolver,2,ferry2.pfile-L3-C1-010.pddl.3.cnf,i23,EE-ITSCC,False,,0.07490284321829677,/home/mbuhr/probo2/src/results/ee_it_scc_part2/InitialSetSolver/EE-ITSCC/iccma23_planning2af/ferry2.pfile-L3-C1-010.pddl.3.cnf_1.out,False,,,400,iccma23_planning2af,['i23'],arg,/home/mbuhr/iccma23/planning2af,False,10,False,,,{},1,ee_it_scc_part2
InitialSetSolver,0.1,/home/mbuhr/InitialSetSolver/build/InitialSetSolver,2,ferry2.pfile-L3-C1-08.pddl.2.cnf,i23,EE-ITSCC,False,,0.07368744211271405,/home/mbuhr/probo2/src/results/ee_it_scc_part2/InitialSetSolver/EE-ITSCC/iccma23_planning2af/ferry2.pfile-L3-C1-08.pddl.2.cnf_1.out,False,,,400,iccma23_planning2af,['i23'],arg,/home/mbuhr/iccma23/planning2af,False,10,False,,,{},1,ee_it_scc_part2
InitialSetSolver,0.1,/home/mbuhr/InitialSetSolver/build/InitialSetSolver,2,ferry2.pfile-L3-C2-03.pddl.2.cnf,i23,EE-ITSCC,False,,0.12374584609642625,/home/mbuhr/probo2/src/results/ee_it_scc_part2/InitialSetSolver/EE-ITSCC/iccma23_planning2af/ferry2.pfile-L3-C2-03.pddl.2.cnf_1.out,False,,,400,iccma23_planning2af,['i23'],arg,/home/mbuhr/iccma23/planning2af,False,10,False,,,{},1,ee_it_scc_part2
InitialSetSolver,0.1,/home/mbuhr/InitialSetSolver/build/InitialSetSolver,2,ferry2.pfile-L3-C2-04.pddl.2.cnf,i23,EE-ITSCC,False,,0.1244710860773921,/home/mbuhr/probo2/src/results/ee_it_scc_part2/InitialSetSolver/EE-ITSCC/iccma23_planning2af/ferry2.pfile-L3-C2-04.pddl.2.cnf_1.out,False,,,400,iccma23_planning2af,['i23'],arg,/home/mbuhr/iccma23/planning2af,False,10,False,,,{},1,ee_it_scc_part2
InitialSetSolver,0.1,/home/mbuhr/InitialSetSolver/build/InitialSetSolver,2,ferry2.pfile-L3-C2-08.pddl.5.cnf,i23,EE-ITSCC,False,,0.07358322199434042,/home/mbuhr/probo2/src/results/ee_it_scc_part2/InitialSetSolver/EE-ITSCC/iccma23_planning2af/ferry2.pfile-L3-C2-08.pddl.5.cnf_1.out,False,,,400,iccma23_planning2af,['i23'],arg,/home/mbuhr/iccma23/planning2af,False,10,False,,,{},1,ee_it_scc_part2
InitialSetSolver,0.1,/home/mbuhr/InitialSetSolver/build/InitialSetSolver,2,scc_1216_42_0.3_0.05__8,i23,EE-ITSCC,False,,0.3232829971238971,/home/mbuhr/probo2/src/results/ee_it_scc_part2/InitialSetSolver/EE-ITSCC/iccma23_scc/scc_1216_42_0.3_0.05__8_1.out,False,,,400,iccma23_scc,['i23'],arg,/home/mbuhr/iccma23/scc,False,11,False,,,{},1,ee_it_scc_part2
InitialSetSolver,0.1,/home/mbuhr/InitialSetSolver/build/InitialSetSolver,2,scc_1236_44_0.3_0.05__7,i23,EE-ITSCC,False,,0.3253210140392184,/home/mbuhr/probo2/src/results/ee_it_scc_part2/InitialSetSolver/EE-ITSCC/iccma23_scc/scc_1236_44_0.3_0.05__7_1.out,False,,,400,iccma23_scc,['i23'],arg,/home/mbuhr/iccma23/scc,False,11,False,,,{},1,ee_it_scc_part2
InitialSetSolver,0.1,/home/mbuhr/InitialSetSolver/build/InitialSetSolver,2,scc_1421_35_0.4_0.1__10,i23,EE-ITSCC,False,,0.5256880987435579,/home/mbuhr/probo2/src/results/ee_it_scc_part2/InitialSetSolver/EE-ITSCC/iccma23_scc/scc_1421_35_0.4_0.1__10_1.out,False,,,400,iccma23_scc,['i23'],arg,/home/mbuhr/iccma23/scc,False,11,False,,,{},1,ee_it_scc_part2
InitialSetSolver,0.1,/home/mbuhr/InitialSetSolver/build/InitialSetSolver,2,scc_1496_48_0.5_0.2__5,i23,EE-ITSCC,False,,0.6264952318742871,/home/mbuhr/probo2/src/results/ee_it_scc_part2/InitialSetSolver/EE-ITSCC/iccma23_scc/scc_1496_48_0.5_0.2__5_1.out,False,,,400,iccma23_scc,['i23'],arg,/home/mbuhr/iccma23/scc,False,11,False,,,{},1,ee_it_scc_part2
InitialSetSolver,0.1,/home/mbuhr/InitialSetSolver/build/InitialSetSolver,2,scc_1523_46_0.4_0.1__8,i23,EE-ITSCC,False,,0.47625533025711775,/home/mbuhr/probo2/src/results/ee_it_scc_part2/InitialSetSolver/EE-ITSCC/iccma23_scc/scc_1523_46_0.4_0.1__8_1.out,False,,,400,iccma23_scc,['i23'],arg,/home/mbuhr/iccma23/scc,False,11,False,,,{},1,ee_it_scc_part2
InitialSetSolver,0.1,/home/mbuhr/InitialSetSolver/build/InitialSetSolver,2,scc_1701_10_0.5_0.1__6,i23,EE-ITSCC,False,,1.177997942082584,/home/mbuhr/probo2/src/results/ee_it_scc_part2/InitialSetSolver/EE-ITSCC/iccma23_scc/scc_1701_10_0.5_0.1__6_1.out,False,,,400,iccma23_scc,['i23'],arg,/home/mbuhr/iccma23/scc,False,11,False,,,{},1,ee_it_scc_part2
InitialSetSolver,0.1,/home/mbuhr/InitialSetSolver/build/InitialSetSolver,2,scc_1723_15_0.3_0.05__9,i23,EE-ITSCC,False,,1.5303389970213175,/home/mbuhr/probo2/src/results/ee_it_scc_part2/InitialSetSolver/EE-ITSCC/iccma23_scc/scc_1723_15_0.3_0.05__9_1.out,False,,,400,iccma23_scc,['i23'],arg,/home/mbuhr/iccma23/scc,False,11,False,,,{},1,ee_it_scc_part2
InitialSetSolver,0.1,/home/mbuhr/InitialSetSolver/build/InitialSetSolver,2,scc_1726_27_0.5_0.1__5,i23,EE-ITSCC,False,,0.8766441699117422,/home/mbuhr/probo2/src/results/ee_it_scc_part2/InitialSetSolver/EE-ITSCC/iccma23_scc/scc_1726_27_0.5_0.1__5_1.out,False,,,400,iccma23_scc,['i23'],arg,/home/mbuhr/iccma23/scc,False,11,False,,,{},1,ee_it_scc_part2
InitialSetSolver,0.1,/home/mbuhr/InitialSetSolver/build/InitialSetSolver,2,scc_1817_23_0.4_0.05__10,i23,EE-ITSCC,False,,0.9784052660688758,/home/mbuhr/probo2/src/results/ee_it_scc_part2/InitialSetSolver/EE-ITSCC/iccma23_scc/scc_1817_23_0.4_0.05__10_1.out,False,,,400,iccma23_scc,['i23'],arg,/home/mbuhr/iccma23/scc,False,11,False,,,{},1,ee_it_scc_part2
InitialSetSolver,0.1,/home/mbuhr/InitialSetSolver/build/InitialSetSolver,2,scc_1924_31_0.4_0.1__1,i23,EE-ITSCC,False,,1.0789182148873806,/home/mbuhr/probo2/src/results/ee_it_scc_part2/InitialSetSolver/EE-ITSCC/iccma23_scc/scc_1924_31_0.4_0.1__1_1.out,False,,,400,iccma23_scc,['i23'],arg,/home/mbuhr/iccma23/scc,False,11,False,,,{},1,ee_it_scc_part2
InitialSetSolver,0.1,/home/mbuhr/InitialSetSolver/build/InitialSetSolver,2,scc_1985_26_0.4_0.1__3,i23,EE-ITSCC,False,,1.1285013747401536,/home/mbuhr/probo2/src/results/ee_it_scc_part2/InitialSetSolver/EE-ITSCC/iccma23_scc/scc_1985_26_0.4_0.1__3_1.out,False,,,400,iccma23_scc,['i23'],arg,/home/mbuhr/iccma23/scc,False,11,False,,,{},1,ee_it_scc_part2
InitialSetSolver,0.1,/home/mbuhr/InitialSetSolver/build/InitialSetSolver,2,scc_226_18_0.5_0.1__10,i23,EE-ITSCC,False,,0.0421155970543623,/home/mbuhr/probo2/src/results/ee_it_scc_part2/InitialSetSolver/EE-ITSCC/iccma23_scc/scc_226_18_0.5_0.1__10_1.out,False,,,400,iccma23_scc,['i23'],arg,/home/mbuhr/iccma23/scc,False,11,False,,,{},1,ee_it_scc_part2
InitialSetSolver,0.1,/home/mbuhr/InitialSetSolver/build/InitialSetSolver,2,scc_437_39_0.3_0.05__4,i23,EE-ITSCC,False,,0.07294132839888334,/home/mbuhr/probo2/src/results/ee_it_scc_part2/InitialSetSolver/EE-ITSCC/iccma23_scc/scc_437_39_0.3_0.05__4_1.out,False,,,400,iccma23_scc,['i23'],arg,/home/mbuhr/iccma23/scc,False,11,False,,,{},1,ee_it_scc_part2
InitialSetSolver,0.1,/home/mbuhr/InitialSetSolver/build/InitialSetSolver,2,scc_5357_62_0.4_0.1__8,i23,EE-ITSCC,False,,7.808029163163155,/home/mbuhr/probo2/src/results/ee_it_scc_part2/InitialSetSolver/EE-ITSCC/iccma23_scc/scc_5357_62_0.4_0.1__8_1.out,False,,,400,iccma23_scc,['i23'],arg,/home/mbuhr/iccma23/scc,False,11,False,,,{},1,ee_it_scc_part2
InitialSetSolver,0.1,/home/mbuhr/InitialSetSolver/build/InitialSetSolver,2,scc_5699_47_0.4_0.1__1,i23,EE-ITSCC,False,,17.555154784116894,/home/mbuhr/probo2/src/results/ee_it_scc_part2/InitialSetSolver/EE-ITSCC/iccma23_scc/scc_5699_47_0.4_0.1__1_1.out,False,,,400,iccma23_scc,['i23'],arg,/home/mbuhr/iccma23/scc,False,11,False,,,{},1,ee_it_scc_part2
InitialSetSolver,0.1,/home/mbuhr/InitialSetSolver/build/InitialSetSolver,2,scc_6043_65_0.5_0.2__9,i23,EE-ITSCC,False,,10.620046311058104,/home/mbuhr/probo2/src/results/ee_it_scc_part2/InitialSetSolver/EE-ITSCC/iccma23_scc/scc_6043_65_0.5_0.2__9_1.out,False,,,400,iccma23_scc,['i23'],arg,/home/mbuhr/iccma23/scc,False,11,False,,,{},1,ee_it_scc_part2
InitialSetSolver,0.1,/home/mbuhr/InitialSetSolver/build/InitialSetSolver,2,scc_6397_56_0.3_0.05__8,i23,EE-ITSCC,False,,9.617302019149065,/home/mbuhr/probo2/src/results/ee_it_scc_part2/InitialSetSolver/EE-ITSCC/iccma23_scc/scc_6397_56_0.3_0.05__8_1.out,False,,,400,iccma23_scc,['i23'],arg,/home/mbuhr/iccma23/scc,False,11,False,,,{},1,ee_it_scc_part2
InitialSetSolver,0.1,/home/mbuhr/InitialSetSolver/build/InitialSetSolver,2,scc_6552_62_0.4_0.2__2,i23,EE-ITSCC,False,,24.034197696018964,/home/mbuhr/probo2/src/results/ee_it_scc_part2/InitialSetSolver/EE-ITSCC/iccma23_scc/scc_6552_62_0.4_0.2__2_1.out,False,,,400,iccma23_scc,['i23'],arg,/home/mbuhr/iccma23/scc,False,11,False,,,{},1,ee_it_scc_part2
InitialSetSolver,0.1,/home/mbuhr/InitialSetSolver/build/InitialSetSolver,2,scc_658_18_0.5_0.2__10,i23,EE-ITSCC,False,,0.1739050829783082,/home/mbuhr/probo2/src/results/ee_it_scc_part2/InitialSetSolver/EE-ITSCC/iccma23_scc/scc_658_18_0.5_0.2__10_1.out,False,,,400,iccma23_scc,['i23'],arg,/home/mbuhr/iccma23/scc,False,11,False,,,{},1,ee_it_scc_part2
InitialSetSolver,0.1,/home/mbuhr/InitialSetSolver/build/InitialSetSolver,2,scc_6634_44_0.4_0.1__3,i23,EE-ITSCC,False,,21.171656963881105,/home/mbuhr/probo2/src/results/ee_it_scc_part2/InitialSetSolver/EE-ITSCC/iccma23_scc/scc_6634_44_0.4_0.1__3_1.out,False,,,400,iccma23_scc,['i23'],arg,/home/mbuhr/iccma23/scc,False,11,False,,,{},1,ee_it_scc_part2
InitialSetSolver,0.1,/home/mbuhr/InitialSetSolver/build/InitialSetSolver,2,scc_7620_55_0.3_0.1__4,i23,EE-ITSCC,False,,52.41813893103972,/home/mbuhr/probo2/src/results/ee_it_scc_part2/InitialSetSolver/EE-ITSCC/iccma23_scc/scc_7620_55_0.3_0.1__4_1.out,False,,,400,iccma23_scc,['i23'],arg,/home/mbuhr/iccma23/scc,False,11,False,,,{},1,ee_it_scc_part2
InitialSetSolver,0.1,/home/mbuhr/InitialSetSolver/build/InitialSetSolver,2,scc_7685_43_0.3_0.1__2,i23,EE-ITSCC,False,,44.430053105112165,/home/mbuhr/probo2/src/results/ee_it_scc_part2/InitialSetSolver/EE-ITSCC/iccma23_scc/scc_7685_43_0.3_0.1__2_1.out,False,,,400,iccma23_scc,['i23'],arg,/home/mbuhr/iccma23/scc,False,11,False,,,{},1,ee_it_scc_part2
InitialSetSolver,0.1,/home/mbuhr/InitialSetSolver/build/InitialSetSolver,2,scc_925_45_0.3_0.05__1,i23,EE-ITSCC,False,,0.1728378338739276,/home/mbuhr/probo2/src/results/ee_it_scc_part2/InitialSetSolver/EE-ITSCC/iccma23_scc/scc_925_45_0.3_0.05__1_1.out,False,,,400,iccma23_scc,['i23'],arg,/home/mbuhr/iccma23/scc,False,11,False,,,{},1,ee_it_scc_part2
InitialSetSolver,0.1,/home/mbuhr/InitialSetSolver/build/InitialSetSolver,2,scc_9394_40_0.4_0.1__5,i23,EE-ITSCC,False,,90.14819328812882,/home/mbuhr/probo2/src/results/ee_it_scc_part2/InitialSetSolver/EE-ITSCC/iccma23_scc/scc_9394_40_0.4_0.1__5_1.out,False,,,400,iccma23_scc,['i23'],arg,/home/mbuhr/iccma23/scc,False,11,False,,,{},1,ee_it_scc_part2
InitialSetSolver,0.1,/home/mbuhr/InitialSetSolver/build/InitialSetSolver,2,scc_9976_43_0.4_0.1__7,i23,EE-ITSCC,False,,88.3356711436063,/home/mbuhr/probo2/src/results/ee_it_scc_part2/InitialSetSolver/EE-ITSCC/iccma23_scc/scc_9976_43_0.4_0.1__7_1.out,False,,,400,iccma23_scc,['i23'],arg,/home/mbuhr/iccma23/scc,False,11,False,,,{},1,ee_it_scc_part2
InitialSetSolver,0.1,/home/mbuhr/InitialSetSolver/build/InitialSetSolver,2,sembuster_1200,i23,EE-ITSCC,False,,4.043919590301812,/home/mbuhr/probo2/src/results/ee_it_scc_part2/InitialSetSolver/EE-ITSCC/iccma23_sembuster/sembuster_1200_1.out,False,,,400,iccma23_sembuster,['i23'],arg,/home/mbuhr/iccma23/sembuster,False,12,False,,,{},1,ee_it_scc_part2
InitialSetSolver,0.1,/home/mbuhr/InitialSetSolver/build/InitialSetSolver,2,sembuster_150,i23,EE-ITSCC,False,,0.041780807077884674,/home/mbuhr/probo2/src/results/ee_it_scc_part2/InitialSetSolver/EE-ITSCC/iccma23_sembuster/sembuster_150_1.out,False,,,400,iccma23_sembuster,['i23'],arg,/home/mbuhr/iccma23/sembuster,False,12,False,,,{},1,ee_it_scc_part2
InitialSetSolver,0.1,/home/mbuhr/InitialSetSolver/build/InitialSetSolver,2,sembuster_1500,i23,EE-ITSCC,False,,7.659797151107341,/home/mbuhr/probo2/src/results/ee_it_scc_part2/InitialSetSolver/EE-ITSCC/iccma23_sembuster/sembuster_1500_1.out,False,,,400,iccma23_sembuster,['i23'],arg,/home/mbuhr/iccma23/sembuster,False,12,False,,,{},1,ee_it_scc_part2
InitialSetSolver,0.1,/home/mbuhr/InitialSetSolver/build/InitialSetSolver,2,sembuster_1800,i23,EE-ITSCC,False,,12.938542572315782,/home/mbuhr/probo2/src/results/ee_it_scc_part2/InitialSetSolver/EE-ITSCC/iccma23_sembuster/sembuster_1800_1.out,False,,,400,iccma23_sembuster,['i23'],arg,/home/mbuhr/iccma23/sembuster,False,12,False,,,{},1,ee_it_scc_part2
InitialSetSolver,0.1,/home/mbuhr/InitialSetSolver/build/InitialSetSolver,2,sembuster_2400,i23,EE-ITSCC,False,,30.175158855039626,/home/mbuhr/probo2/src/results/ee_it_scc_part2/InitialSetSolver/EE-ITSCC/iccma23_sembuster/sembuster_2400_1.out,False,,,400,iccma23_sembuster,['i23'],arg,/home/mbuhr/iccma23/sembuster,False,12,False,,,{},1,ee_it_scc_part2
InitialSetSolver,0.1,/home/mbuhr/InitialSetSolver/build/InitialSetSolver,2,sembuster_300,i23,EE-ITSCC,False,,0.12400139635428786,/home/mbuhr/probo2/src/results/ee_it_scc_part2/InitialSetSolver/EE-ITSCC/iccma23_sembuster/sembuster_300_1.out,False,,,400,iccma23_sembuster,['i23'],arg,/home/mbuhr/iccma23/sembuster,False,12,False,,,{},1,ee_it_scc_part2
InitialSetSolver,0.1,/home/mbuhr/InitialSetSolver/build/InitialSetSolver,2,sembuster_3000,i23,EE-ITSCC,False,,57.62127320095897,/home/mbuhr/probo2/src/results/ee_it_scc_part2/InitialSetSolver/EE-ITSCC/iccma23_sembuster/sembuster_3000_1.out,False,,,400,iccma23_sembuster,['i23'],arg,/home/mbuhr/iccma23/sembuster,False,12,False,,,{},1,ee_it_scc_part2
InitialSetSolver,0.1,/home/mbuhr/InitialSetSolver/build/InitialSetSolver,2,sembuster_3600,i23,EE-ITSCC,False,,98.42944191815332,/home/mbuhr/probo2/src/results/ee_it_scc_part2/InitialSetSolver/EE-ITSCC/iccma23_sembuster/sembuster_3600_1.out,False,,,400,iccma23_sembuster,['i23'],arg,/home/mbuhr/iccma23/sembuster,False,12,False,,,{},1,ee_it_scc_part2
InitialSetSolver,0.1,/home/mbuhr/InitialSetSolver/build/InitialSetSolver,2,sembuster_4200,i23,EE-ITSCC,False,,155.0219049579464,/home/mbuhr/probo2/src/results/ee_it_scc_part2/InitialSetSolver/EE-ITSCC/iccma23_sembuster/sembuster_4200_1.out,False,,,400,iccma23_sembuster,['i23'],arg,/home/mbuhr/iccma23/sembuster,False,12,False,,,{},1,ee_it_scc_part2
InitialSetSolver,0.1,/home/mbuhr/InitialSetSolver/build/InitialSetSolver,2,sembuster_4800,i23,EE-ITSCC,False,,231.21811875514686,/home/mbuhr/probo2/src/results/ee_it_scc_part2/InitialSetSolver/EE-ITSCC/iccma23_sembuster/sembuster_4800_1.out,False,,,400,iccma23_sembuster,['i23'],arg,/home/mbuhr/iccma23/sembuster,False,12,False,,,{},1,ee_it_scc_part2
InitialSetSolver,0.1,/home/mbuhr/InitialSetSolver/build/InitialSetSolver,2,sembuster_5400,i23,EE-ITSCC,False,,324.441625833977,/home/mbuhr/probo2/src/results/ee_it_scc_part2/InitialSetSolver/EE-ITSCC/iccma23_sembuster/sembuster_5400_1.out,False,,,400,iccma23_sembuster,['i23'],arg,/home/mbuhr/iccma23/sembuster,False,12,False,,,{},1,ee_it_scc_part2
InitialSetSolver,0.1,/home/mbuhr/InitialSetSolver/build/InitialSetSolver,2,sembuster_600,i23,EE-ITSCC,False,,0.4255549409426749,/home/mbuhr/probo2/src/results/ee_it_scc_part2/InitialSetSolver/EE-ITSCC/iccma23_sembuster/sembuster_600_1.out,False,,,400,iccma23_sembuster,['i23'],arg,/home/mbuhr/iccma23/sembuster,False,12,False,,,{},1,ee_it_scc_part2
InitialSetSolver,0.1,/home/mbuhr/InitialSetSolver/build/InitialSetSolver,2,sembuster_6000,i23,EE-ITSCC,True,,400,,False,,,400,iccma23_sembuster,['i23'],arg,/home/mbuhr/iccma23/sembuster,False,12,False,,,{},1,ee_it_scc_part2
InitialSetSolver,0.1,/home/mbuhr/InitialSetSolver/build/InitialSetSolver,2,sembuster_7500,i23,EE-ITSCC,True,,400,,False,,,400,iccma23_sembuster,['i23'],arg,/home/mbuhr/iccma23/sembuster,False,12,False,,,{},1,ee_it_scc_part2
InitialSetSolver,0.1,/home/mbuhr/InitialSetSolver/build/InitialSetSolver,2,sembuster_900,i23,EE-ITSCC,False,,1.73067588172853,/home/mbuhr/probo2/src/results/ee_it_scc_part2/InitialSetSolver/EE-ITSCC/iccma23_sembuster/sembuster_900_1.out,False,,,400,iccma23_sembuster,['i23'],arg,/home/mbuhr/iccma23/sembuster,False,12,False,,,{},1,ee_it_scc_part2
InitialSetSolver,0.1,/home/mbuhr/InitialSetSolver/build/InitialSetSolver,2,st_1015_36_27_3440,i23,EE-ITSCC,True,,400,,False,,,400,iccma23_st,['i23'],arg,/home/mbuhr/iccma23/st,False,13,False,,,{},1,ee_it_scc_part2
InitialSetSolver,0.1,/home/mbuhr/InitialSetSolver/build/InitialSetSolver,2,st_1037_97_34_647,i23,EE-ITSCC,True,,400,,False,,,400,iccma23_st,['i23'],arg,/home/mbuhr/iccma23/st,False,13,False,,,{},1,ee_it_scc_part2
InitialSetSolver,0.1,/home/mbuhr/InitialSetSolver/build/InitialSetSolver,2,st_1230_64_16_373,i23,EE-ITSCC,True,,400,,False,,,400,iccma23_st,['i23'],arg,/home/mbuhr/iccma23/st,False,13,False,,,{},1,ee_it_scc_part2
InitialSetSolver,0.1,/home/mbuhr/InitialSetSolver/build/InitialSetSolver,2,st_1234_99_25_3756,i23,EE-ITSCC,False,,0.37172526493668556,/home/mbuhr/probo2/src/results/ee_it_scc_part2/InitialSetSolver/EE-ITSCC/iccma23_st/st_1234_99_25_3756_1.out,False,,,400,iccma23_st,['i23'],arg,/home/mbuhr/iccma23/st,False,13,False,,,{},1,ee_it_scc_part2
InitialSetSolver,0.1,/home/mbuhr/InitialSetSolver/build/InitialSetSolver,2,st_1244_87_28_3669,i23,EE-ITSCC,False,,5.089420578908175,/home/mbuhr/probo2/src/results/ee_it_scc_part2/InitialSetSolver/EE-ITSCC/iccma23_st/st_1244_87_28_3669_1.out,False,,,400,iccma23_st,['i23'],arg,/home/mbuhr/iccma23/st,False,13,False,,,{},1,ee_it_scc_part2
InitialSetSolver,0.1,/home/mbuhr/InitialSetSolver/build/InitialSetSolver,2,st_1276_43_25_1938,i23,EE-ITSCC,True,,400,,False,,,400,iccma23_st,['i23'],arg,/home/mbuhr/iccma23/st,False,13,False,,,{},1,ee_it_scc_part2
InitialSetSolver,0.1,/home/mbuhr/InitialSetSolver/build/InitialSetSolver,2,st_1350_55_31_149,i23,EE-ITSCC,True,,400,,False,,,400,iccma23_st,['i23'],arg,/home/mbuhr/iccma23/st,False,13,False,,,{},1,ee_it_scc_part2
InitialSetSolver,0.1,/home/mbuhr/InitialSetSolver/build/InitialSetSolver,2,st_1352_53_23_3737,i23,EE-ITSCC,True,,400,,False,,,400,iccma23_st,['i23'],arg,/home/mbuhr/iccma23/st,False,13,False,,,{},1,ee_it_scc_part2
InitialSetSolver,0.1,/home/mbuhr/InitialSetSolver/build/InitialSetSolver,2,st_1391_70_12_1674,i23,EE-ITSCC,True,,400,,False,,,400,iccma23_st,['i23'],arg,/home/mbuhr/iccma23/st,False,13,False,,,{},1,ee_it_scc_part2
InitialSetSolver,0.1,/home/mbuhr/InitialSetSolver/build/InitialSetSolver,2,st_1400_85_28_2113,i23,EE-ITSCC,True,,400,,False,,,400,iccma23_st,['i23'],arg,/home/mbuhr/iccma23/st,False,13,False,,,{},1,ee_it_scc_part2
InitialSetSolver,0.1,/home/mbuhr/InitialSetSolver/build/InitialSetSolver,2,st_1412_95_15_3263,i23,EE-ITSCC,True,,400,,False,,,400,iccma23_st,['i23'],arg,/home/mbuhr/iccma23/st,False,13,False,,,{},1,ee_it_scc_part2
InitialSetSolver,0.1,/home/mbuhr/InitialSetSolver/build/InitialSetSolver,2,st_1489_41_39_1070,i23,EE-ITSCC,True,,400,,False,,,400,iccma23_st,['i23'],arg,/home/mbuhr/iccma23/st,False,13,False,,,{},1,ee_it_scc_part2
InitialSetSolver,0.1,/home/mbuhr/InitialSetSolver/build/InitialSetSolver,2,st_400_44_32_3867,i23,EE-ITSCC,False,,0.07197844190523028,/home/mbuhr/probo2/src/results/ee_it_scc_part2/InitialSetSolver/EE-ITSCC/iccma23_st/st_400_44_32_3867_1.out,False,,,400,iccma23_st,['i23'],arg,/home/mbuhr/iccma23/st,False,13,False,,,{},1,ee_it_scc_part2
InitialSetSolver,0.1,/home/mbuhr/InitialSetSolver/build/InitialSetSolver,2,st_425_53_10_1991,i23,EE-ITSCC,False,,0.0728783467784524,/home/mbuhr/probo2/src/results/ee_it_scc_part2/InitialSetSolver/EE-ITSCC/iccma23_st/st_425_53_10_1991_1.out,False,,,400,iccma23_st,['i23'],arg,/home/mbuhr/iccma23/st,False,13,False,,,{},1,ee_it_scc_part2
InitialSetSolver,0.1,/home/mbuhr/InitialSetSolver/build/InitialSetSolver,2,st_439_93_17_3099,i23,EE-ITSCC,False,,0.07262813718989491,/home/mbuhr/probo2/src/results/ee_it_scc_part2/InitialSetSolver/EE-ITSCC/iccma23_st/st_439_93_17_3099_1.out,False,,,400,iccma23_st,['i23'],arg,/home/mbuhr/iccma23/st,False,13,False,,,{},1,ee_it_scc_part2
InitialSetSolver,0.1,/home/mbuhr/InitialSetSolver/build/InitialSetSolver,2,st_496_75_39_1354,i23,EE-ITSCC,False,,0.17320368625223637,/home/mbuhr/probo2/src/results/ee_it_scc_part2/InitialSetSolver/EE-ITSCC/iccma23_st/st_496_75_39_1354_1.out,False,,,400,iccma23_st,['i23'],arg,/home/mbuhr/iccma23/st,False,13,False,,,{},1,ee_it_scc_part2
InitialSetSolver,0.1,/home/mbuhr/InitialSetSolver/build/InitialSetSolver,2,st_521_43_14_3157,i23,EE-ITSCC,False,,0.07289108075201511,/home/mbuhr/probo2/src/results/ee_it_scc_part2/InitialSetSolver/EE-ITSCC/iccma23_st/st_521_43_14_3157_1.out,False,,,400,iccma23_st,['i23'],arg,/home/mbuhr/iccma23/st,False,13,False,,,{},1,ee_it_scc_part2
InitialSetSolver,0.1,/home/mbuhr/InitialSetSolver/build/InitialSetSolver,2,st_659_37_25_686,i23,EE-ITSCC,True,,400,,False,,,400,iccma23_st,['i23'],arg,/home/mbuhr/iccma23/st,False,13,False,,,{},1,ee_it_scc_part2
InitialSetSolver,0.1,/home/mbuhr/InitialSetSolver/build/InitialSetSolver,2,st_704_68_9_3183,i23,EE-ITSCC,False,,0.12236221972852945,/home/mbuhr/probo2/src/results/ee_it_scc_part2/InitialSetSolver/EE-ITSCC/iccma23_st/st_704_68_9_3183_1.out,False,,,400,iccma23_st,['i23'],arg,/home/mbuhr/iccma23/st,False,13,False,,,{},1,ee_it_scc_part2
InitialSetSolver,0.1,/home/mbuhr/InitialSetSolver/build/InitialSetSolver,2,st_815_74_9_2860,i23,EE-ITSCC,False,,0.172964199911803,/home/mbuhr/probo2/src/results/ee_it_scc_part2/InitialSetSolver/EE-ITSCC/iccma23_st/st_815_74_9_2860_1.out,False,,,400,iccma23_st,['i23'],arg,/home/mbuhr/iccma23/st,False,13,False,,,{},1,ee_it_scc_part2
InitialSetSolver,0.1,/home/mbuhr/InitialSetSolver/build/InitialSetSolver,2,st_826_34_8_3910,i23,EE-ITSCC,False,,0.17412690678611398,/home/mbuhr/probo2/src/results/ee_it_scc_part2/InitialSetSolver/EE-ITSCC/iccma23_st/st_826_34_8_3910_1.out,False,,,400,iccma23_st,['i23'],arg,/home/mbuhr/iccma23/st,False,13,False,,,{},1,ee_it_scc_part2
InitialSetSolver,0.1,/home/mbuhr/InitialSetSolver/build/InitialSetSolver,2,st_883_28_16_1144,i23,EE-ITSCC,True,,400,,False,,,400,iccma23_st,['i23'],arg,/home/mbuhr/iccma23/st,False,13,False,,,{},1,ee_it_scc_part2
InitialSetSolver,0.1,/home/mbuhr/InitialSetSolver/build/InitialSetSolver,2,st_890_86_9_572,i23,EE-ITSCC,True,,400,,False,,,400,iccma23_st,['i23'],arg,/home/mbuhr/iccma23/st,False,13,False,,,{},1,ee_it_scc_part2
InitialSetSolver,0.1,/home/mbuhr/InitialSetSolver/build/InitialSetSolver,2,st_902_67_36_2711,i23,EE-ITSCC,False,,21.197460277937353,/home/mbuhr/probo2/src/results/ee_it_scc_part2/InitialSetSolver/EE-ITSCC/iccma23_st/st_902_67_36_2711_1.out,False,,,400,iccma23_st,['i23'],arg,/home/mbuhr/iccma23/st,False,13,False,,,{},1,ee_it_scc_part2
InitialSetSolver,0.1,/home/mbuhr/InitialSetSolver/build/InitialSetSolver,2,st_955_26_12_3941,i23,EE-ITSCC,False,,17.187956396955997,/home/mbuhr/probo2/src/results/ee_it_scc_part2/InitialSetSolver/EE-ITSCC/iccma23_st/st_955_26_12_3941_1.out,False,,,400,iccma23_st,['i23'],arg,/home/mbuhr/iccma23/st,False,13,False,,,{},1,ee_it_scc_part2
InitialSetSolver,0.1,/home/mbuhr/InitialSetSolver/build/InitialSetSolver,2,metro-st-louis_20130916_1522.gml.20,i23,EE-ITSCC,False,,126.77225398086011,/home/mbuhr/probo2/src/results/ee_it_scc_part2/InitialSetSolver/EE-ITSCC/iccma23_traffic/metro-st-louis_20130916_1522.gml.20_1.out,False,,,400,iccma23_traffic,['i23'],arg,/home/mbuhr/iccma23/traffic,False,14,False,,,{},1,ee_it_scc_part2
InitialSetSolver,0.1,/home/mbuhr/InitialSetSolver/build/InitialSetSolver,2,metro-st-louis_20130916_1522.gml.80,i23,EE-ITSCC,False,,255.34995359927416,/home/mbuhr/probo2/src/results/ee_it_scc_part2/InitialSetSolver/EE-ITSCC/iccma23_traffic/metro-st-louis_20130916_1522.gml.80_1.out,False,,,400,iccma23_traffic,['i23'],arg,/home/mbuhr/iccma23/traffic,False,14,False,,,{},1,ee_it_scc_part2
InitialSetSolver,0.1,/home/mbuhr/InitialSetSolver/build/InitialSetSolver,2,palos-verdes-peninsula-transit-authority_20151216_1829.gml.80,i23,EE-ITSCC,False,,0.04172564297914505,/home/mbuhr/probo2/src/results/ee_it_scc_part2/InitialSetSolver/EE-ITSCC/iccma23_traffic/palos-verdes-peninsula-transit-authority_20151216_1829.gml.80_1.out,False,,,400,iccma23_traffic,['i23'],arg,/home/mbuhr/iccma23/traffic,False,14,False,,,{},1,ee_it_scc_part2
InitialSetSolver,0.1,/home/mbuhr/InitialSetSolver/build/InitialSetSolver,2,port-authority-of-allegheny-county_20140619_0109.gml.80,i23,EE-ITSCC,False,,399.97082973923534,/home/mbuhr/probo2/src/results/ee_it_scc_part2/InitialSetSolver/EE-ITSCC/iccma23_traffic/port-authority-of-allegheny-county_20140619_0109.gml.80_1.out,False,,,400,iccma23_traffic,['i23'],arg,/home/mbuhr/iccma23/traffic,False,14,False,,,{},1,ee_it_scc_part2
InitialSetSolver,0.1,/home/mbuhr/InitialSetSolver/build/InitialSetSolver,2,redding_2015-12-09.gml.80,i23,EE-ITSCC,False,,0.12256472744047642,/home/mbuhr/probo2/src/results/ee_it_scc_part2/InitialSetSolver/EE-ITSCC/iccma23_traffic/redding_2015-12-09.gml.80_1.out,False,,,400,iccma23_traffic,['i23'],arg,/home/mbuhr/iccma23/traffic,False,14,False,,,{},1,ee_it_scc_part2
InitialSetSolver,0.1,/home/mbuhr/InitialSetSolver/build/InitialSetSolver,2,rennes_2015-12-18.gml.50,i23,EE-ITSCC,False,,0.3240580353885889,/home/mbuhr/probo2/src/results/ee_it_scc_part2/InitialSetSolver/EE-ITSCC/iccma23_traffic/rennes_2015-12-18.gml.50_1.out,False,,,400,iccma23_traffic,['i23'],arg,/home/mbuhr/iccma23/traffic,False,14,False,,,{},1,ee_it_scc_part2
InitialSetSolver,0.1,/home/mbuhr/InitialSetSolver/build/InitialSetSolver,2,rpsrute@ruter.no_20150319_1558.gml.80,i23,EE-ITSCC,True,,400,,False,,,400,iccma23_traffic,['i23'],arg,/home/mbuhr/iccma23/traffic,False,14,False,,,{},1,ee_it_scc_part2
InitialSetSolver,0.1,/home/mbuhr/InitialSetSolver/build/InitialSetSolver,2,sacramento_2015-12.gml.80,i23,EE-ITSCC,False,,57.11032275017351,/home/mbuhr/probo2/src/results/ee_it_scc_part2/InitialSetSolver/EE-ITSCC/iccma23_traffic/sacramento_2015-12.gml.80_1.out,False,,,400,iccma23_traffic,['i23'],arg,/home/mbuhr/iccma23/traffic,False,14,False,,,{},1,ee_it_scc_part2
InitialSetSolver,0.1,/home/mbuhr/InitialSetSolver/build/InitialSetSolver,2,samtrans_20130704_1259.gml.80,i23,EE-ITSCC,False,,2.5842813588678837,/home/mbuhr/probo2/src/results/ee_it_scc_part2/InitialSetSolver/EE-ITSCC/iccma23_traffic/samtrans_20130704_1259.gml.80_1.out,False,,,400,iccma23_traffic,['i23'],arg,/home/mbuhr/iccma23/traffic,False,14,False,,,{},1,ee_it_scc_part2
InitialSetSolver,0.1,/home/mbuhr/InitialSetSolver/build/InitialSetSolver,2,stanislaus_ca_2015-12-02.gml.20,i23,EE-ITSCC,False,,0.0750709529966116,/home/mbuhr/probo2/src/results/ee_it_scc_part2/InitialSetSolver/EE-ITSCC/iccma23_traffic/stanislaus_ca_2015-12-02.gml.20_1.out,False,,,400,iccma23_traffic,['i23'],arg,/home/mbuhr/iccma23/traffic,False,14,False,,,{},1,ee_it_scc_part2
InitialSetSolver,0.1,/home/mbuhr/InitialSetSolver/build/InitialSetSolver,2,thecomet_20131025_1906.gml.20,i23,EE-ITSCC,False,,0.03883478092029691,/home/mbuhr/probo2/src/results/ee_it_scc_part2/InitialSetSolver/EE-ITSCC/iccma23_traffic/thecomet_20131025_1906.gml.20_1.out,False,,,400,iccma23_traffic,['i23'],arg,/home/mbuhr/iccma23/traffic,False,14,False,,,{},1,ee_it_scc_part2
InitialSetSolver,0.1,/home/mbuhr/InitialSetSolver/build/InitialSetSolver,2,triangle-transit_20150227_1741.gml.20,i23,EE-ITSCC,False,,0.12213733280077577,/home/mbuhr/probo2/src/results/ee_it_scc_part2/InitialSetSolver/EE-ITSCC/iccma23_traffic/triangle-transit_20150227_1741.gml.20_1.out,False,,,400,iccma23_traffic,['i23'],arg,/home/mbuhr/iccma23/traffic,False,14,False,,,{},1,ee_it_scc_part2
InitialSetSolver,0.1,/home/mbuhr/InitialSetSolver/build/InitialSetSolver,2,umpquatransit_or_2015-12-03.gml.50,i23,EE-ITSCC,False,,0.04190935706719756,/home/mbuhr/probo2/src/results/ee_it_scc_part2/InitialSetSolver/EE-ITSCC/iccma23_traffic/umpquatransit_or_2015-12-03.gml.50_1.out,False,,,400,iccma23_traffic,['i23'],arg,/home/mbuhr/iccma23/traffic,False,14,False,,,{},1,ee_it_scc_part2
InitialSetSolver,0.1,/home/mbuhr/InitialSetSolver/build/InitialSetSolver,2,view2gt_20150927_1744.gml.20,i23,EE-ITSCC,False,,0.06802841601893306,/home/mbuhr/probo2/src/results/ee_it_scc_part2/InitialSetSolver/EE-ITSCC/iccma23_traffic/view2gt_20150927_1744.gml.20_1.out,False,,,400,iccma23_traffic,['i23'],arg,/home/mbuhr/iccma23/traffic,False,14,False,,,{},1,ee_it_scc_part2
InitialSetSolver,0.1,/home/mbuhr/InitialSetSolver/build/InitialSetSolver,2,yubasutter_ca_2015-12-02.gml.50,i23,EE-ITSCC,False,,0.07136234687641263,/home/mbuhr/probo2/src/results/ee_it_scc_part2/InitialSetSolver/EE-ITSCC/iccma23_traffic/yubasutter_ca_2015-12-02.gml.50_1.out,False,,,400,iccma23_traffic,['i23'],arg,/home/mbuhr/iccma23/traffic,False,14,False,,,{},1,ee_it_scc_part2
